,松山,南京三民,台北小巨蛋,南京復興,松江南京,中山,北門,西門,小南門,中正紀念堂,古亭,台電大樓,公館,萬隆,景美,大坪林,七張,新店區公所,新店
0,,,,,,,,,,,,,,,,,06:00,06:02,06:04
1,,,,,,,,,,,,06:00,06:02,06:04,06:06,06:08,06:09,06:11,06:13
2,,,,,,,,06:00,06:02,06:03,06:05,06:07,06:09,06:11,06:13,06:15,06:17,06:18,06:20
3,,,,,,06:00,06:02,06:04,06:06,06:08,06:10,06:12,06:13,06:16,06:18,06:20,06:21,06:23,06:25
4,,,,06:00,06:02,06:04,06:06,06:08,06:10,06:12,06:14,06:16,06:18,06:20,06:22,06:24,06:26,06:28,06:30
5,06:00,06:03,06:05,06:07,06:09,06:11,06:13,06:16,06:18,06:20,06:22,06:23,06:25,06:28,06:29,06:31,06:33,06:35,06:37
6,06:05,06:08,06:10,06:12,06:14,06:17,06:20,06:22,06:24,06:26,06:28,06:30,06:31,06:34,06:36,06:37,06:39,06:41,06:43
7,06:14,06:16,06:18,06:20,06:22,06:25,06:27,06:29,06:31,06:33,06:35,06:36,06:38,06:41,06:43,06:45,06:46,06:48,06:50
8,06:22,06:25,06:27,06:29,06:31,06:33,06:35,06:37,06:39,06:41,06:43,06:44,06:46,06:49,06:51,06:53,06:55,06:56,06:58
9,06:27,06:30,06:32,06:34,06:36,06:38,06:40,06:42,06:44,06:45,06:47,06:49,06:51,06:53,06:55,06:57,06:59,07:01,07:03
10,06:32,06:35,06:37,06:39,06:40,06:43,06:45,06:47,06:49,06:50,06:52,06:54,06:56,06:58,07:00,07:02,07:04,07:06,07:08
11,06:39,06:42,06:44,06:46,06:48,06:50,06:52,06:54,06:56,06:57,06:59,07:01,07:03,07:06,07:08,07:10,07:12,07:14,07:16
12,06:43,06:45,06:47,06:49,06:51,06:53,06:55,06:57,06:59,07:01,07:03,07:04,07:06,07:09,07:11,07:13,07:15,07:16,07:18
13,06:45,06:48,06:50,06:51,06:53,06:56,06:58,07:00,07:01,07:03,07:05,07:07,07:09,07:11,07:13,07:15,07:17,07:19,07:21
14,06:49,06:51,06:53,06:55,06:57,06:59,07:02,07:04,07:05,07:07,07:09,07:11,==,,,,,,
15,06:52,06:54,06:56,06:58,07:00,07:02,07:05,07:07,07:08,07:10,07:12,07:14,07:16,07:18,07:20,07:22,07:24,07:25,07:27
16,06:54,06:57,06:59,07:01,07:03,07:05,07:08,07:10,07:11,07:13,07:15,07:17,07:19,07:22,07:24,07:26,07:28,07:30,07:32
17,06:57,07:00,07:02,07:04,07:06,07:08,07:10,07:12,07:14,07:16,07:18,07:20,07:22,07:24,07:26,07:28,07:30,07:32,07:34
18,07:01,07:04,07:06,07:08,07:10,07:12,07:14,07:16,07:18,07:20,07:21,07:23,==,,,,,,
19,07:04,07:06,07:08,07:10,07:12,07:14,07:17,07:19,07:20,07:22,07:24,07:26,07:28,07:30,07:32,07:34,07:36,07:37,07:39
20,07:07,07:09,07:11,07:13,07:15,07:17,07:20,07:22,07:23,07:25,07:27,07:29,07:31,07:34,07:36,07:38,07:40,07:42,07:44
21,07:10,07:12,07:14,07:16,07:18,07:20,07:23,07:25,07:26,07:28,07:30,07:32,07:34,07:36,07:38,07:40,07:42,07:44,07:46
22,07:13,07:15,07:17,07:19,07:21,07:23,07:26,07:28,07:29,07:31,07:33,07:35,==,,,,,,
23,07:16,07:18,07:20,07:22,07:24,07:26,07:29,07:31,07:32,07:34,07:36,07:38,07:40,07:42,07:44,07:46,07:48,07:49,07:51
24,07:19,07:22,07:24,07:26,07:28,07:30,07:32,07:34,07:36,07:38,07:40,07:41,07:43,07:46,07:48,07:50,07:52,07:54,07:56
25,07:22,07:25,07:27,07:29,07:31,07:33,07:35,07:37,07:39,07:41,07:43,07:44,07:46,07:49,07:51,07:53,07:55,07:56,07:58
26,07:25,07:28,07:30,07:32,07:34,07:36,07:38,07:40,07:42,07:44,07:46,07:48,==,,,,,,
27,07:28,07:31,07:33,07:35,07:36,07:38,07:41,07:43,07:44,07:46,07:48,07:50,07:52,07:54,07:56,07:58,08:00,08:01,08:03
28,07:31,07:34,07:36,07:38,07:40,07:42,07:44,07:46,07:48,07:50,07:52,07:53,07:55,07:58,08:00,08:02,08:04,08:06,08:08
29,07:34,07:37,07:39,07:41,07:43,07:45,07:47,07:49,07:51,07:53,07:55,07:56,07:58,08:01,08:03,08:05,08:07,08:08,08:10
30,07:37,07:40,07:42,07:44,07:46,07:48,07:50,07:52,07:54,07:56,07:58,08:00,==,,,,,,
31,07:40,07:43,07:45,07:47,07:48,07:50,07:53,07:55,07:56,07:58,08:00,08:02,08:04,08:06,08:08,08:10,08:12,08:13,08:15
32,07:43,07:46,07:48,07:50,07:52,07:54,07:56,07:58,08:00,08:02,08:04,08:05,08:07,08:10,08:12,08:14,08:16,08:18,08:20
33,07:46,07:49,07:51,07:53,07:55,07:57,07:59,08:01,08:03,08:05,08:07,08:08,08:10,08:13,08:15,08:17,08:19,08:20,08:22
34,07:49,07:52,07:54,07:56,07:58,08:00,08:02,08:04,08:06,08:08,08:10,08:12,==,,,,,,
35,07:52,07:55,07:57,07:59,08:00,08:02,08:05,08:07,08:08,08:10,08:12,08:14,08:16,08:18,08:20,08:22,08:24,08:25,08:27
36,07:55,07:58,08:00,08:02,08:04,08:06,08:08,08:10,08:12,08:14,08:16,08:17,08:19,08:22,08:24,08:26,08:28,08:30,08:32
37,07:58,08:01,08:03,08:05,08:07,08:09,08:11,08:13,08:15,08:16,08:18,08:20,08:22,08:24,08:26,08:29,08:30,08:32,08:34
38,08:01,08:04,08:06,08:08,08:10,08:12,08:14,08:16,08:18,08:20,08:22,08:24,==,,,,,,
39,08:04,08:07,08:09,08:11,08:12,08:14,08:17,08:19,08:20,08:22,08:24,08:26,08:28,08:30,08:32,08:34,08:36,08:37,08:39
40,08:07,08:10,08:12,08:14,08:16,08:18,08:20,08:22,08:24,08:26,08:28,08:29,08:31,08:34,08:36,08:38,08:40,08:42,08:44
41,08:10,08:13,08:15,08:17,08:19,08:21,08:23,08:25,08:27,08:29,08:31,08:32,08:34,08:37,08:39,08:41,08:43,08:44,08:46
42,08:13,08:16,08:18,08:20,08:22,08:24,08:26,08:28,08:30,08:32,08:34,08:36,==,,,,,,
43,08:16,08:19,08:21,08:23,08:25,08:27,08:29,08:31,08:33,08:35,08:37,08:38,08:40,08:43,08:45,08:47,08:49,08:50,08:52
44,08:19,08:22,08:24,08:26,08:28,08:30,08:32,08:34,08:36,08:38,08:40,08:41,08:43,08:46,08:48,08:50,08:52,08:53,08:55
45,08:22,08:25,08:27,08:29,08:31,08:33,08:35,08:37,08:39,08:41,08:42,08:44,08:46,08:48,08:50,08:52,08:54,08:56,08:58
46,08:25,08:28,08:30,08:32,08:34,08:36,08:38,08:40,08:42,08:44,08:46,08:48,==,,,,,,
47,08:28,08:31,08:33,08:35,08:37,08:39,08:41,08:43,08:45,08:47,08:49,08:50,08:52,08:55,08:57,08:59,09:01,09:02,09:04
48,08:31,08:34,08:36,08:38,08:40,08:42,08:44,08:46,08:48,08:50,08:52,08:53,08:55,08:58,09:00,09:02,09:04,09:05,09:07
49,08:34,08:37,08:39,08:41,08:43,08:45,08:47,08:49,08:51,08:53,08:55,08:56,08:58,09:01,09:03,09:05,09:07,09:08,09:10
50,08:37,08:40,08:42,08:44,08:46,08:48,08:50,08:52,08:54,08:56,08:58,09:00,==,,,,,,
51,08:40,08:43,08:45,08:47,08:49,08:51,08:53,08:55,08:57,08:59,09:01,09:03,09:04,09:07,09:09,09:11,09:13,09:15,09:17
52,08:43,08:46,08:48,08:50,08:52,08:54,08:56,08:58,09:00,09:02,09:04,09:05,09:07,09:10,09:12,09:14,09:16,09:17,09:19
53,08:46,08:49,08:51,08:53,08:55,08:57,08:59,09:01,09:03,09:05,09:07,09:09,==,,,,,,
54,08:49,08:52,08:54,08:56,08:58,09:00,09:02,09:04,09:06,09:08,09:10,09:12,09:14,09:16,09:18,09:20,09:22,09:23,09:25
55,08:53,08:56,08:58,09:00,09:02,09:04,09:06,09:08,09:10,09:12,09:14,09:16,09:17,09:20,09:22,09:24,09:26,09:28,09:30
56,08:55,08:58,09:00,09:03,09:05,09:07,09:10,09:11,09:13,09:15,09:17,09:19,==,,,,,,
57,09:01,09:04,09:06,09:07,09:09,09:11,09:14,09:15,09:17,09:19,09:21,09:23,09:25,09:27,09:29,09:31,09:34,09:36,09:38
58,09:04,09:07,09:09,09:11,09:13,09:15,09:17,09:19,09:21,09:22,09:24,09:26,09:28,09:30,09:32,09:35,09:36,09:38,09:40
59,09:07,09:10,09:12,09:14,09:16,09:18,09:20,09:22,09:24,09:25,09:27,09:29,==,,,,,,
60,09:10,09:13,09:15,09:17,09:19,09:21,09:23,09:25,09:27,09:29,09:31,09:33,09:34,09:37,09:38,09:40,09:42,09:44,09:46
61,09:13,09:16,09:18,09:20,09:21,09:24,09:26,09:28,09:29,09:31,09:33,09:35,09:37,09:39,09:41,09:43,09:45,09:47,09:49
62,09:16,09:18,09:21,09:22,09:24,09:27,09:29,09:31,09:32,09:34,09:36,09:38,==,,,,,,
63,09:19,09:21,09:23,09:25,09:27,09:29,09:32,09:33,09:35,09:37,09:39,09:41,09:43,09:46,09:48,09:50,09:52,09:54,09:56
64,09:23,09:25,09:27,09:29,09:31,09:33,09:36,09:37,09:39,09:41,09:43,09:45,09:47,09:49,09:51,09:53,09:55,09:57,09:59
65,09:27,09:30,09:32,09:34,09:36,09:38,09:41,09:42,09:44,09:46,09:48,09:50,==,,,,,,
66,09:31,09:33,09:35,09:37,09:39,09:42,09:44,09:46,09:48,09:50,09:52,09:54,09:56,09:58,10:00,10:02,10:04,10:06,10:08
67,09:35,09:38,09:40,09:42,09:44,09:46,09:48,09:50,09:52,09:54,09:56,09:58,==,,,,,,
68,09:39,09:42,09:44,09:46,09:48,09:50,09:53,09:55,09:56,09:58,10:00,10:02,10:04,10:07,10:09,10:11,10:12,10:14,10:16
69,09:45,09:47,09:50,09:51,09:54,09:56,09:58,10:00,10:02,10:04,10:06,10:08,10:10,10:12,10:14,10:16,10:18,10:20,10:22
70,09:51,09:53,09:56,09:57,10:00,10:02,10:04,10:06,10:08,10:10,10:12,10:14,10:16,10:18,10:20,10:22,10:24,10:26,10:28
71,09:56,09:59,10:01,10:03,10:05,10:07,10:10,10:12,10:13,10:15,10:17,10:19,==,,,,,,
72,10:00,10:02,10:05,10:06,10:09,10:11,10:13,10:15,10:17,10:19,10:21,10:23,10:25,10:27,10:29,10:31,10:33,10:35,10:37
73,10:04,10:07,10:09,10:11,10:13,10:15,10:18,10:20,10:21,10:23,10:25,10:27,==,,,,,,
74,10:08,10:11,10:13,10:15,10:17,10:19,10:22,10:24,10:25,10:27,10:29,10:31,10:33,10:36,10:38,10:40,10:41,10:43,10:45
75,10:12,10:15,10:17,10:19,10:21,10:23,10:26,10:28,10:29,10:31,10:33,10:35,==,,,,,,
76,10:15,10:18,10:20,10:22,10:24,10:26,10:29,10:31,10:32,10:34,10:37,10:38,10:40,10:43,10:45,10:47,10:49,10:50,10:52
77,10:21,10:24,10:26,10:28,10:30,10:32,10:35,10:37,10:38,10:40,10:42,10:44,10:46,10:49,10:51,10:53,10:55,10:56,10:58
78,10:27,10:29,10:32,10:33,10:36,10:38,10:40,10:42,10:44,10:46,10:48,10:50,10:52,10:54,10:56,10:58,11:00,11:02,11:04
79,10:35,10:38,10:40,10:42,10:44,10:46,10:49,10:51,10:52,10:54,10:56,10:58,11:00,11:03,11:05,11:07,11:09,11:10,11:12
80,10:43,10:46,10:48,10:50,10:52,10:54,10:57,10:59,11:00,11:02,11:04,11:06,11:08,11:11,11:13,11:15,11:17,11:18,11:20
81,10:51,10:54,10:56,10:58,11:00,11:02,11:05,11:07,11:08,11:10,11:12,11:14,11:16,11:19,11:21,11:23,11:25,11:26,11:28
82,10:57,11:00,11:02,11:04,11:06,11:08,11:11,11:13,11:14,11:16,11:18,11:20,11:22,11:25,11:27,11:29,11:31,11:32,11:34
83,11:03,11:05,11:08,11:09,11:12,11:14,11:16,11:18,11:20,11:22,11:24,11:26,11:28,11:30,11:32,11:34,11:36,11:38,11:40
84,11:11,11:14,11:16,11:18,11:20,11:22,11:25,11:27,11:28,11:30,11:32,11:34,11:36,11:39,11:41,11:43,11:45,11:46,11:48
85,11:19,11:22,11:24,11:26,11:28,11:30,11:33,11:35,11:36,11:38,11:40,11:42,11:44,11:47,11:49,11:51,11:53,11:54,11:56
86,11:27,11:30,11:32,11:34,11:36,11:38,11:41,11:43,11:44,11:46,11:48,11:50,11:52,11:55,11:57,11:59,12:01,12:02,12:04
87,11:33,11:36,11:38,11:40,11:42,11:44,11:47,11:49,11:50,11:52,11:54,11:56,11:58,12:01,12:03,12:05,12:07,12:08,12:10
88,11:39,11:41,11:44,11:45,11:48,11:50,11:52,11:54,11:56,11:58,12:00,12:02,12:04,12:06,12:08,12:10,12:12,12:14,12:16
89,11:47,11:50,11:52,11:54,11:56,11:58,12:01,12:03,12:04,12:06,12:08,12:10,12:12,12:15,12:17,12:19,12:21,12:22,12:24
90,11:55,11:58,12:00,12:02,12:04,12:06,12:09,12:11,12:12,12:14,12:16,12:18,12:20,12:23,12:25,12:27,12:29,12:30,12:32
91,12:03,12:06,12:08,12:10,12:12,12:14,12:17,12:19,12:20,12:22,12:24,12:26,12:28,12:31,12:33,12:35,12:37,12:38,12:40
92,12:09,12:12,12:14,12:16,12:18,12:20,12:23,12:25,12:26,12:28,12:30,12:32,12:34,12:37,12:39,12:41,12:43,12:44,12:46
93,12:15,12:17,12:20,12:21,12:24,12:26,12:28,12:30,12:32,12:34,12:36,12:38,12:40,12:42,12:44,12:46,12:48,12:50,12:52
94,12:23,12:26,12:28,12:30,12:32,12:34,12:37,12:39,12:40,12:42,12:44,12:46,12:48,12:51,12:53,12:55,12:57,12:58,13:00
95,12:31,12:34,12:36,12:38,12:40,12:42,12:45,12:47,12:48,12:50,12:52,12:54,12:56,12:59,13:01,13:03,13:05,13:06,13:08
96,12:39,12:42,12:44,12:46,12:48,12:50,12:53,12:55,12:56,12:58,13:00,13:02,13:04,13:07,13:09,13:11,13:13,13:14,13:16
97,12:45,12:48,12:50,12:52,12:54,12:56,12:59,13:01,13:02,13:04,13:06,13:08,13:10,13:13,13:15,13:17,13:19,13:20,13:22
98,12:51,12:53,12:56,12:57,13:00,13:02,13:04,13:06,13:08,13:10,13:12,13:14,13:16,13:18,13:20,13:22,13:24,13:26,13:28
99,12:59,13:02,13:04,13:06,13:08,13:10,13:13,13:15,13:16,13:18,13:20,13:22,13:24,13:27,13:29,13:31,13:33,13:34,13:36
100,13:07,13:10,13:12,13:14,13:16,13:18,13:21,13:23,13:24,13:26,13:28,13:30,13:32,13:35,13:37,13:39,13:41,13:42,13:44
101,13:15,13:18,13:20,13:22,13:24,13:26,13:29,13:31,13:32,13:34,13:36,13:38,13:40,13:43,13:45,13:47,13:49,13:50,13:52
102,13:21,13:24,13:26,13:28,13:30,13:32,13:35,13:37,13:38,13:40,13:42,13:44,13:46,13:49,13:51,13:53,13:55,13:56,13:58
103,13:27,13:29,13:32,13:33,13:36,13:38,13:40,13:42,13:44,13:46,13:48,13:50,13:52,13:54,13:56,13:58,14:00,14:02,14:04
104,13:35,13:38,13:40,13:42,13:44,13:46,13:49,13:51,13:52,13:54,13:56,13:58,14:00,14:03,14:05,14:07,14:09,14:10,14:12
105,13:43,13:46,13:48,13:50,13:52,13:54,13:57,13:59,14:00,14:02,14:04,14:06,14:08,14:11,14:13,14:15,14:17,14:18,14:20
106,13:51,13:54,13:56,13:58,14:00,14:02,14:05,14:07,14:08,14:10,14:12,14:14,14:16,14:19,14:21,14:23,14:25,14:26,14:28
107,13:57,14:00,14:02,14:04,14:06,14:08,14:11,14:13,14:14,14:16,14:18,14:20,14:22,14:25,14:27,14:29,14:31,14:32,14:34
108,14:03,14:05,14:08,14:09,14:12,14:14,14:16,14:18,14:20,14:22,14:24,14:26,14:28,14:30,14:32,14:34,14:36,14:38,14:40
109,14:11,14:14,14:16,14:18,14:20,14:22,14:25,14:27,14:28,14:30,14:32,14:34,14:36,14:39,14:41,14:43,14:45,14:46,14:48
110,14:19,14:22,14:24,14:26,14:28,14:30,14:33,14:35,14:36,14:38,14:40,14:42,14:44,14:47,14:49,14:51,14:53,14:54,14:56
111,14:27,14:30,14:32,14:34,14:36,14:38,14:41,14:43,14:44,14:46,14:48,14:50,14:52,14:55,14:57,14:59,15:01,15:02,15:04
112,14:33,14:36,14:38,14:40,14:42,14:44,14:47,14:49,14:50,14:52,14:54,14:56,14:58,15:01,15:03,15:05,15:07,15:08,15:10
113,14:39,14:41,14:44,14:45,14:48,14:50,14:52,14:54,14:56,14:58,15:00,15:02,15:04,15:06,15:08,15:10,15:12,15:14,15:16
114,14:47,14:50,14:52,14:54,14:56,14:58,15:01,15:03,15:04,15:06,15:08,15:10,15:12,15:15,15:17,15:19,15:21,15:22,15:24
115,14:55,14:58,15:00,15:02,15:04,15:06,15:09,15:11,15:12,15:14,15:16,15:18,15:20,15:23,15:25,15:27,15:29,15:30,15:32
116,15:03,15:06,15:08,15:10,15:12,15:14,15:17,15:19,15:20,15:22,15:24,15:26,15:28,15:31,15:33,15:35,15:37,15:38,15:40
117,15:09,15:12,15:14,15:16,15:18,15:20,15:23,15:25,15:26,15:28,15:30,15:32,15:34,15:37,15:39,15:41,15:43,15:44,15:46
118,15:15,15:17,15:20,15:21,15:24,15:26,15:28,15:30,15:32,15:34,15:36,15:38,15:40,15:42,15:44,15:46,15:48,15:50,15:52
119,15:23,15:26,15:28,15:30,15:32,15:34,15:37,15:39,15:40,15:42,15:44,15:46,15:48,15:51,15:53,15:55,15:57,15:58,16:00
120,15:31,15:34,15:36,15:38,15:40,15:42,15:45,15:47,15:48,15:50,15:52,15:54,15:56,15:59,16:01,16:03,16:05,16:06,16:08
121,15:39,15:42,15:44,15:46,15:48,15:50,15:53,15:55,15:56,15:58,16:00,16:02,16:04,16:07,16:09,16:11,16:12,16:14,16:16
122,15:45,15:48,15:50,15:52,15:54,15:56,15:59,16:01,16:02,16:04,16:06,16:08,16:10,16:13,16:15,16:17,16:19,16:20,16:22
123,15:51,15:53,15:56,15:57,16:00,16:02,16:04,16:06,16:08,16:10,16:12,16:14,16:16,16:18,16:20,16:22,16:24,16:26,16:28
124,15:59,16:02,16:04,16:06,16:08,16:10,16:13,16:15,16:16,16:18,16:20,16:22,16:24,16:27,16:29,16:31,16:32,16:34,16:36
125,16:07,16:10,16:12,16:14,16:16,16:18,16:21,16:23,16:24,16:26,16:28,16:30,16:32,16:35,16:37,16:39,16:41,16:42,16:44
126,16:15,16:18,16:20,16:22,16:24,16:26,16:29,16:31,16:32,16:34,16:36,16:38,16:40,16:43,16:45,16:47,16:48,16:50,16:52
127,16:21,16:23,16:26,16:27,16:30,16:32,16:34,16:36,16:38,16:40,16:42,16:44,16:46,16:48,16:50,16:52,16:54,16:56,16:58
128,16:27,16:29,16:32,16:34,16:36,16:38,16:41,16:43,16:45,16:47,16:49,16:51,16:53,16:55,16:57,16:59,17:01,17:03,17:05
129,16:31,16:33,16:36,16:37,16:40,16:42,16:44,16:46,16:48,16:50,16:52,16:54,==,,,,,,
130,16:35,16:37,16:40,16:41,16:44,16:46,16:48,16:50,16:52,16:54,16:56,16:58,17:00,17:02,17:04,17:06,17:08,17:10,17:12
131,16:41,16:43,16:46,16:47,16:50,16:52,16:54,16:56,16:58,17:00,17:02,17:04,17:06,17:08,17:10,17:12,17:14,17:16,17:18
132,16:44,16:47,16:49,16:51,16:53,16:55,16:57,16:59,17:01,17:03,17:05,17:07,17:09,17:11,17:13,17:15,17:17,17:19,17:21
133,16:47,16:50,16:52,16:54,16:56,16:58,17:01,17:02,17:04,17:06,17:08,17:10,==,,,,,,
134,16:51,16:54,16:56,16:58,17:00,17:03,17:05,17:07,17:09,17:11,17:13,17:15,17:17,17:19,17:21,17:23,17:25,17:27,17:29
135,16:55,16:57,16:59,17:01,17:04,17:06,17:08,17:10,17:12,17:14,17:16,17:18,17:20,17:22,17:24,17:26,17:28,17:29,17:31
136,16:58,17:01,17:03,17:05,17:07,17:09,17:12,17:14,17:15,17:17,17:20,17:21,17:23,17:26,17:28,17:30,17:31,17:33,17:35
137,17:01,17:04,17:06,17:08,17:10,17:12,17:15,17:16,17:18,17:20,17:22,17:24,==,,,,,,
138,17:04,17:07,17:08,17:11,17:13,17:15,17:17,17:19,17:21,17:23,17:25,17:27,17:29,17:31,17:33,17:36,17:37,17:39,17:41
139,17:07,17:10,17:12,17:14,17:16,17:19,17:21,17:23,17:25,17:27,17:29,17:31,17:32,17:35,17:37,17:39,17:40,17:42,17:44
140,17:11,17:14,17:15,17:18,17:20,17:22,17:24,17:26,17:28,17:30,17:32,17:34,17:36,17:38,17:40,17:42,17:44,17:46,17:48
141,17:14,17:17,17:19,17:21,17:23,17:25,17:28,17:30,17:31,17:33,17:35,17:37,==,,,,,,
142,17:16,17:19,17:21,17:23,17:25,17:28,17:30,17:32,17:34,17:36,17:38,17:40,17:42,17:44,17:46,17:48,17:50,17:52,17:54
143,17:20,17:23,17:25,17:27,17:29,17:31,17:34,17:35,17:37,17:39,17:41,17:43,17:45,17:48,17:49,17:51,17:53,17:55,17:57
144,17:23,17:26,17:28,17:30,17:32,17:35,17:37,17:39,17:41,17:43,17:45,17:47,17:49,17:51,17:53,17:55,17:57,17:58,18:00
145,17:27,17:30,17:31,17:34,17:36,17:38,17:40,17:42,17:44,17:46,17:48,17:50,==,,,,,,
146,17:29,17:32,17:34,17:36,17:38,17:40,17:43,17:45,17:46,17:48,17:51,17:53,17:54,17:57,17:59,18:01,18:03,18:04,18:06
147,17:33,17:35,17:37,17:39,17:42,17:44,17:46,17:48,17:50,17:52,17:54,17:56,17:58,18:00,18:02,18:04,18:06,18:08,18:10
148,17:36,17:39,17:41,17:43,17:45,17:47,17:50,17:52,17:53,17:55,17:58,17:59,18:01,18:04,18:06,18:08,18:09,18:11,18:13
149,17:39,17:42,17:44,17:46,17:48,17:51,17:53,17:55,17:57,17:59,18:01,18:03,==,,,,,,
150,17:42,17:45,17:46,17:49,17:51,17:53,17:55,17:57,17:59,18:01,18:03,18:05,18:07,18:09,18:11,18:14,18:15,18:17,18:19
151,17:45,17:48,17:50,17:52,17:54,17:57,17:59,18:01,18:03,18:05,18:07,18:09,18:10,18:13,18:15,18:17,18:18,18:20,18:22
152,17:49,17:52,17:53,17:56,17:58,18:00,18:02,18:04,18:06,18:08,18:10,18:12,18:14,18:16,18:18,18:20,18:22,18:24,18:26
153,17:52,17:55,17:57,17:59,18:01,18:03,18:06,18:08,18:09,18:11,18:13,18:15,==,,,,,,
154,17:54,17:57,17:59,18:01,18:03,18:06,18:08,18:10,18:12,18:14,18:16,18:18,18:20,18:22,18:24,18:26,18:28,18:30,18:32
155,17:58,18:01,18:03,18:05,18:07,18:09,18:12,18:13,18:15,18:17,18:19,18:21,18:23,18:26,18:27,18:29,18:31,18:33,18:35
156,18:01,18:04,18:06,18:08,18:10,18:13,18:15,18:17,18:19,18:21,18:23,18:25,18:27,18:29,18:31,18:33,18:35,18:36,18:38
157,18:05,18:08,18:09,18:12,18:14,18:16,18:18,18:20,18:22,18:24,18:26,18:28,==,,,,,,
158,18:07,18:10,18:12,18:14,18:16,18:18,18:21,18:23,18:24,18:26,18:29,18:31,18:32,18:35,18:37,18:39,18:41,18:42,18:44
159,18:11,18:13,18:15,18:17,18:20,18:22,18:24,18:26,18:28,18:30,18:32,18:34,18:36,18:38,18:40,18:42,18:44,18:46,18:48
160,18:14,18:17,18:19,18:21,18:23,18:25,18:28,18:30,18:31,18:33,18:36,18:37,18:39,18:42,18:44,18:46,18:47,18:49,18:51
161,18:17,18:20,18:22,18:24,18:26,18:29,18:31,18:33,18:35,18:37,18:39,18:41,==,,,,,,
162,18:20,18:23,18:24,18:27,18:29,18:31,18:33,18:35,18:37,18:39,18:41,18:43,18:45,18:47,18:49,18:52,18:53,18:55,18:57
163,18:23,18:26,18:28,18:30,18:32,18:35,18:37,18:39,18:41,18:43,18:45,18:47,18:48,18:51,18:53,18:55,18:56,18:58,19:00
164,18:27,18:30,18:31,18:34,18:36,18:38,18:40,18:42,18:44,18:46,18:48,18:50,18:52,18:54,18:56,18:58,19:00,19:02,19:04
165,18:30,18:33,18:35,18:37,18:39,18:41,18:44,18:46,18:47,18:49,18:51,18:53,==,,,,,,
166,18:32,18:35,18:37,18:39,18:41,18:44,18:46,18:48,18:50,18:52,18:54,18:56,18:58,19:00,19:02,19:04,19:06,19:08,19:10
167,18:36,18:39,18:41,18:43,18:45,18:47,18:50,18:52,18:53,18:55,18:57,18:59,19:01,19:04,19:05,19:07,19:09,19:11,19:13
168,18:39,18:42,18:44,18:46,18:48,18:51,18:53,18:55,18:57,18:59,19:01,19:03,19:05,19:07,19:09,19:11,19:13,19:15,19:17
169,18:43,18:46,18:47,18:50,18:52,18:54,18:56,18:58,19:00,19:02,19:04,19:06,==,,,,,,
170,18:45,18:48,18:50,18:52,18:54,18:56,18:59,19:01,19:02,19:04,19:07,19:09,19:11,19:13,19:15,19:17,19:19,19:21,19:23
171,18:49,18:51,18:53,18:56,18:58,19:00,19:02,19:04,19:06,19:08,19:10,19:12,19:14,19:16,19:18,19:20,19:22,19:24,19:26
172,18:52,18:55,18:57,18:59,19:01,19:03,19:06,19:08,19:09,19:11,19:14,19:15,19:17,19:20,19:22,19:24,19:26,19:28,19:30
173,18:55,18:58,19:00,19:02,19:04,19:07,19:09,19:11,19:13,19:15,19:17,19:19,==,,,,,,
174,18:58,19:01,19:03,19:05,19:07,19:10,19:12,19:14,19:16,19:18,19:20,19:22,19:23,19:26,19:28,19:30,19:31,19:33,19:35
175,19:01,19:04,19:06,19:08,19:10,19:12,19:15,19:17,19:18,19:20,19:22,19:24,19:26,19:28,19:30,19:32,19:34,19:36,19:38
176,19:05,19:08,19:10,19:12,19:14,19:16,19:19,19:20,19:22,19:24,19:26,19:28,19:30,19:32,19:34,19:36,19:38,19:40,19:42
177,19:08,19:11,19:13,19:15,19:17,19:19,19:22,19:24,19:26,19:28,19:29,19:31,==,,,,,,
178,19:11,19:14,19:16,19:18,19:20,19:22,19:25,19:27,19:29,19:31,19:33,19:35,19:36,19:39,19:40,19:42,19:44,19:46,19:48
179,19:14,19:17,19:19,19:21,19:23,19:26,19:28,19:30,19:32,19:34,19:36,19:38,19:39,19:42,19:44,19:46,19:47,19:49,19:51
180,19:17,19:20,19:22,19:24,19:27,19:29,19:31,19:33,19:35,19:37,19:39,19:41,19:42,19:45,19:47,19:49,19:51,19:52,19:54
181,19:21,19:24,19:26,19:28,19:30,19:32,19:35,19:36,19:38,19:40,19:42,19:44,==,,,,,,
182,19:24,19:27,19:29,19:31,19:33,19:35,19:38,19:40,19:42,19:44,19:46,19:48,19:49,19:52,19:54,19:56,19:58,20:00,20:02
183,19:27,19:30,19:32,19:34,19:36,19:38,19:41,19:43,19:45,19:47,19:49,19:51,19:52,19:55,19:57,19:59,20:01,20:03,20:05
184,19:31,19:33,19:35,19:37,19:40,19:42,19:44,19:46,19:48,19:50,19:52,19:54,19:56,19:58,20:00,20:02,20:04,20:06,20:08
185,19:33,19:36,19:38,19:40,19:42,19:45,19:47,19:49,19:51,19:53,19:55,19:57,==,,,,,,
186,19:37,19:39,19:42,19:44,19:46,19:48,19:50,19:52,19:54,19:56,19:58,20:00,20:02,20:04,20:06,20:08,20:10,20:12,20:14
187,19:41,19:44,19:46,19:48,19:50,19:52,19:55,19:57,19:59,20:00,20:02,20:04,20:06,20:09,20:11,20:13,20:15,20:17,20:19
188,19:45,19:47,19:50,19:52,19:54,19:56,19:58,20:00,20:02,20:04,20:06,20:08,20:10,20:12,20:14,20:16,20:18,20:20,20:22
189,19:50,19:53,19:56,19:58,20:00,20:02,20:04,20:06,20:08,20:10,20:12,20:14,20:16,20:18,20:20,20:22,20:24,20:27,20:29
190,19:54,19:57,19:59,20:01,20:03,20:05,20:08,20:09,20:11,20:13,20:15,20:17,20:19,20:21,20:23,20:25,20:27,20:29,20:31
191,19:59,20:02,20:04,20:06,20:08,20:10,20:13,20:15,20:17,20:18,20:20,20:22,20:24,20:27,20:29,20:31,20:33,20:35,20:37
192,20:04,20:07,20:09,20:11,20:13,20:16,20:18,20:20,20:22,20:24,20:26,20:28,20:29,20:32,20:34,20:36,20:38,20:40,20:42
193,20:09,20:12,20:14,20:16,20:18,20:20,20:23,20:25,20:27,20:29,20:31,20:32,20:34,20:37,20:39,20:41,20:43,20:45,20:47
194,20:14,20:17,20:19,20:21,20:23,20:25,20:28,20:29,20:31,20:33,20:35,20:37,20:39,20:41,20:44,20:46,20:48,20:50,20:52
195,20:18,20:21,20:23,20:25,20:27,20:30,20:32,20:34,20:36,20:38,20:39,20:41,==,,,,,,
196,20:22,20:25,20:27,20:29,20:31,20:33,20:36,20:37,20:39,20:41,20:43,20:45,20:47,20:49,20:51,20:54,20:55,20:57,20:59
197,20:25,20:28,20:30,20:32,20:34,20:36,20:39,20:40,20:42,20:44,20:46,20:48,==,,,,,,
198,20:29,20:31,20:34,20:36,20:38,20:40,20:42,20:44,20:46,20:48,20:50,20:52,20:54,20:56,20:58,21:00,21:02,21:04,21:06
199,20:33,20:36,20:38,20:40,20:42,20:44,20:47,20:49,20:51,20:52,20:54,20:56,20:58,21:01,21:03,21:05,21:07,21:08,21:10
200,20:38,20:40,20:43,20:45,20:47,20:49,20:51,20:53,20:55,20:57,20:59,21:01,==,,,,,,
201,20:42,20:45,20:47,20:49,20:51,20:53,20:56,20:58,21:00,21:01,21:03,21:05,21:07,21:10,21:12,21:13,21:15,21:17,21:19
202,20:47,20:49,20:52,20:54,20:56,20:58,21:00,21:02,21:04,21:06,21:08,21:10,21:12,21:14,21:16,21:18,21:20,21:22,21:24
203,20:52,20:55,20:57,20:59,21:01,21:03,21:06,21:08,21:10,21:11,21:13,21:15,21:17,21:20,21:22,21:24,21:26,21:27,21:29
204,20:56,20:58,21:01,21:03,21:05,21:07,21:09,21:11,21:13,21:15,21:17,21:19,==,,,,,,
205,20:59,21:02,21:04,21:06,21:08,21:10,21:13,21:15,21:17,21:18,21:20,21:22,21:24,21:27,21:29,21:31,21:32,21:34,21:36
206,21:05,21:07,21:10,21:12,21:14,21:16,21:18,21:20,21:22,21:24,21:26,21:28,21:30,21:32,21:34,21:36,21:38,21:40,21:42
207,21:11,21:14,21:16,21:18,21:20,21:22,21:25,21:26,21:28,21:30,21:32,21:34,21:36,21:38,21:40,21:43,21:44,21:46,21:48
208,21:14,21:16,21:19,21:21,21:23,21:25,21:27,21:29,21:31,21:33,21:35,21:37,==,,,,,,
209,21:20,21:23,21:25,21:27,21:29,21:32,21:34,21:36,21:38,21:40,21:42,21:44,21:45,21:48,21:50,21:52,21:54,21:56,21:58
210,21:27,21:30,21:32,21:34,21:36,21:38,21:41,21:43,21:45,21:46,21:48,21:50,21:52,21:55,21:57,21:59,22:01,22:02,22:04
211,21:34,21:37,21:39,21:41,21:43,21:46,21:48,21:50,21:52,21:54,21:56,21:58,21:59,22:02,22:04,22:06,22:08,22:10,22:12
212,21:40,21:42,21:45,21:47,21:49,21:51,21:53,21:55,21:57,21:59,22:01,22:03,22:05,22:07,22:09,22:11,22:13,22:15,22:17
213,21:47,21:50,21:52,21:54,21:56,21:59,22:01,22:03,22:05,22:07,22:09,22:11,22:12,22:15,22:17,22:19,22:21,22:23,22:25
214,21:55,21:58,22:00,22:02,22:04,22:07,22:09,22:11,22:13,22:15,22:17,22:19,22:20,22:23,22:25,22:27,22:29,22:31,22:33
215,21:59,22:01,22:04,22:06,22:08,22:10,22:12,22:14,22:16,22:18,22:20,22:22,==,,,,,,
216,22:03,22:06,22:08,22:10,22:12,22:15,22:17,22:19,22:21,22:23,22:25,22:27,22:28,22:31,22:33,22:35,22:36,22:38,22:40
217,22:10,22:13,22:15,22:17,22:19,22:22,22:24,22:26,22:28,22:30,22:32,22:34,22:35,22:38,22:40,22:42,22:44,22:46,22:48
218,22:18,22:21,22:23,22:25,22:27,22:30,22:32,22:34,22:36,22:38,22:40,22:42,22:43,22:46,22:48,22:50,22:52,22:54,22:56
219,22:25,22:28,22:30,22:32,22:34,22:36,22:39,22:41,22:43,22:45,22:47,22:48,22:50,22:53,22:55,22:57,22:59,23:01,23:03
220,22:31,22:34,22:36,22:38,22:40,22:42,22:45,22:47,22:49,22:51,22:53,22:55,22:56,22:59,23:01,23:04,23:05,23:07,23:09
221,22:39,22:41,22:44,22:46,22:48,22:50,22:52,22:54,22:56,22:58,23:00,23:02,23:04,23:06,23:08,23:10,23:12,23:14,23:16
222,22:49,22:52,22:54,22:56,22:58,23:00,23:03,23:04,23:06,23:08,23:11,23:12,23:14,23:17,23:19,23:21,23:23,23:25,23:27
223,23:00,23:02,23:04,23:06,23:08,23:11,23:13,23:15,23:16,23:18,23:20,23:22,23:24,23:26,23:28,23:30,23:32,23:33,23:35
224,23:08,23:11,23:13,23:14,23:16,23:19,23:21,23:23,23:25,23:26,23:28,23:30,23:32,23:34,23:36,23:38,23:40,23:41,23:43
225,23:18,23:21,23:23,23:24,23:26,23:29,23:31,23:33,23:35,23:36,23:38,23:40,23:42,23:44,23:46,23:48,23:50,23:52,23:54
226,23:24,23:26,23:28,23:30,23:32,23:34,23:37,23:39,23:41,23:42,23:44,23:46,23:48,23:50,23:52,23:54,23:56,23:57,23:59
227,23:36,23:38,23:40,23:42,23:44,23:46,23:49,23:51,23:53,23:54,23:56,23:58,00:00,00:02,00:04,00:06,00:08,00:09,00:11
228,23:48,23:50,23:52,23:54,23:56,23:58,00:01,00:03,00:05,00:06,00:08,00:10,00:12,00:14,00:16,00:18,00:20,00:21,00:23
229,00:00,00:03,00:05,00:06,00:08,00:11,00:13,00:15,00:17,00:18,00:20,00:22,00:24,00:26,00:28,00:30,00:32,00:33,00:35
230,,,,00:13,00:15,00:17,00:19,00:21,00:23,00:25,00:27,00:29,00:30,00:33,00:35,00:37,00:38,00:40,00:42
231,,,,00:26,00:28,00:30,00:32,00:34,00:36,00:38,00:40,00:42,00:43,00:46,00:48,00:50,00:51,00:53,00:55
232,,,,00:38,00:40,00:42,00:44,00:46,00:48,00:50,00:52,00:54,00:55,00:58,01:00,01:02,01:03,01:05,01:07
