,南勢角,景安,永安市場,頂溪,古亭,東門,忠孝新生,松江南京,行天宮,中山國小,民權西路,大橋頭,台北橋,菜寮,三重,先嗇宮,頭前庄,新莊,輔大,丹鳳,迴龍,三重國小,三和國中,徐匯中學,三民高中,蘆洲
0,,,,,,,,,,,,,,,,,,,,06:00,06:03,==,,,,
1,,,,,,,,,,,,,,,,,,06:00,06:03,06:05,06:08,==,,,,
2,,,,,,,,,,,,,,,,,,,,,,,,06:00,06:02,06:04
3,,,,,,,,,,,,,,06:00,06:02,06:04,06:07,06:09,06:12,06:14,06:17,==,,,,
4,,,,,,,,,,,06:00,06:02,||,||,||,||,||,||,||,||,||,06:05,06:07,06:08,06:10,06:12
5,,,,,,,,,06:00,06:02,06:04,06:06,06:08,06:10,06:12,06:15,06:17,06:19,06:22,06:25,06:28,==,,,,
6,,,,,,,06:00,06:02,06:04,06:06,06:08,06:09,||,||,||,||,||,||,||,||,||,06:12,06:14,06:16,06:18,06:20
7,,,,,06:00,06:03,06:06,06:08,06:09,06:12,06:13,06:15,06:18,06:20,06:22,06:25,06:27,06:29,06:32,06:34,06:37,==,,,,
8,,,06:00,06:02,06:06,06:09,06:12,06:13,06:15,06:17,06:19,06:20,||,||,||,||,||,||,||,||,||,06:23,06:25,06:27,06:29,06:31
9,06:00,06:01,06:03,06:05,06:09,06:12,06:15,06:17,06:18,06:20,06:22,06:24,06:26,06:28,06:30,06:33,06:35,06:37,06:40,06:42,06:45,==,,,,
10,06:04,06:05,06:07,06:09,06:13,06:16,06:19,06:21,06:22,06:24,06:26,06:27,||,||,||,||,||,||,||,||,||,06:30,06:32,06:34,06:36,06:38
11,06:07,06:09,06:11,06:13,06:17,06:20,06:22,06:24,06:26,06:28,06:29,06:31,06:33,06:35,06:37,06:40,06:42,06:44,06:47,06:49,06:52,==,,,,
12,06:12,06:13,06:15,06:17,06:21,06:24,06:26,06:28,06:30,06:32,06:33,06:35,||,||,||,||,||,||,||,||,||,06:38,06:40,06:42,06:44,06:46
13,06:16,06:17,06:19,06:21,06:25,06:28,06:30,06:32,06:34,06:36,06:38,06:40,06:42,06:44,06:46,06:49,06:51,06:53,06:55,06:58,07:01,==,,,,
14,06:20,06:21,06:23,06:25,06:29,06:32,06:34,06:36,06:38,06:40,06:41,06:43,||,||,||,||,||,||,||,||,||,06:46,06:48,06:50,06:52,06:54
15,06:22,06:23,06:25,06:28,06:32,06:35,06:37,06:39,06:41,06:43,06:45,06:47,06:50,06:52,06:54,06:56,06:59,07:01,07:04,07:06,07:09,==,,,,
16,06:26,06:28,06:30,06:32,06:35,06:38,06:41,06:43,06:45,06:47,06:49,06:50,||,||,||,||,||,||,||,||,||,06:53,06:55,06:57,06:59,07:01
17,06:30,06:32,06:33,06:35,06:39,06:42,06:45,06:47,06:49,06:51,06:53,06:55,06:57,06:59,07:01,07:04,07:06,07:08,07:10,07:13,07:16,==,,,,
18,06:34,06:35,06:37,06:39,06:43,06:46,06:49,06:51,06:52,06:55,06:56,06:58,||,||,||,||,||,||,||,||,||,07:01,07:03,07:05,07:07,07:09
19,06:38,06:39,06:41,06:43,06:47,06:50,06:53,06:55,06:57,06:59,07:01,07:03,07:05,07:07,07:09,07:12,07:14,07:16,07:19,07:21,07:24,==,,,,
20,06:42,06:43,06:45,06:48,06:52,06:55,06:57,06:59,07:01,07:03,07:05,07:07,||,||,||,||,||,||,||,||,||,07:09,07:12,07:13,07:15,07:17
21,06:45,06:47,06:49,06:51,06:55,06:58,07:01,07:03,07:05,07:07,07:09,07:11,07:14,07:16,07:18,07:21,07:23,07:25,07:28,07:30,07:33,==,,,,
22,06:50,06:51,06:53,06:55,06:59,07:02,07:05,07:07,07:09,07:11,07:13,07:14,||,||,||,||,||,||,||,||,||,07:17,07:19,07:21,07:23,07:25
23,06:54,06:55,06:57,07:00,07:04,07:07,07:09,07:11,07:13,07:15,07:17,07:19,07:21,07:23,07:25,07:28,07:30,07:32,07:34,07:37,07:40,==,,,,
24,06:58,06:59,07:01,07:04,07:08,07:11,07:13,07:15,07:17,07:19,07:21,07:23,||,||,||,||,||,||,||,||,||,07:25,07:28,07:29,07:31,07:33
25,07:02,07:03,07:05,07:08,07:12,07:15,07:17,07:19,07:21,07:23,07:25,07:27,07:29,07:31,07:33,07:36,07:38,07:40,07:43,07:46,07:49,==,,,,
26,07:06,07:07,07:09,07:11,07:15,07:18,07:21,07:23,07:25,07:27,07:29,07:30,||,||,||,||,||,||,||,||,||,07:33,07:35,07:37,07:39,07:41
27,07:10,07:11,07:13,07:16,07:20,07:23,07:25,07:28,07:29,07:32,07:34,07:35,07:38,07:40,07:42,07:44,07:47,07:49,07:51,07:53,07:56,==,,,,
28,07:14,07:15,07:17,07:20,07:23,07:27,07:29,07:31,07:33,07:35,07:37,07:39,||,||,||,||,||,||,||,||,||,07:41,07:44,07:46,07:47,07:49
29,07:18,07:20,07:21,07:24,07:27,07:30,07:33,07:35,07:37,07:39,07:41,07:42,07:45,07:47,07:49,07:52,07:54,07:56,07:59,08:01,08:04,==,,,,
30,07:21,07:23,07:24,07:27,07:30,07:33,07:36,07:38,07:40,07:42,07:44,07:45,||,||,||,||,||,||,||,||,||,07:48,07:50,07:52,07:54,07:56
31,07:24,07:26,07:27,07:30,07:33,07:36,07:39,07:41,07:43,07:45,07:47,07:48,07:51,07:53,07:55,07:57,07:59,08:01,08:04,08:06,08:09,==,,,,
32,07:27,07:29,07:30,07:33,07:36,07:39,07:42,07:44,07:46,07:48,07:50,07:51,||,||,||,||,||,||,||,||,||,07:54,07:56,07:58,08:00,08:02
33,07:30,07:32,07:33,07:36,07:39,07:42,07:45,07:47,07:49,07:51,07:53,07:54,07:57,07:59,08:00,08:03,08:05,08:07,08:10,08:12,08:15,==,,,,
34,07:33,07:35,07:36,07:39,07:42,07:45,07:48,07:50,07:52,07:54,07:56,07:58,||,||,||,||,||,||,||,||,||,08:01,08:03,08:05,08:07,08:09
35,07:36,07:38,07:39,07:42,07:45,07:48,07:51,07:53,07:55,07:57,07:59,08:00,08:02,08:05,08:06,08:09,08:11,08:13,08:16,08:18,08:21,==,,,,
36,07:39,07:41,07:42,07:45,07:48,07:51,07:54,07:56,07:58,08:00,08:02,08:04,||,||,||,||,||,||,||,||,||,08:07,08:09,08:11,08:13,08:15
37,07:42,07:44,07:45,07:48,07:51,07:54,07:57,07:59,08:01,08:03,08:05,08:06,08:08,08:11,08:12,08:15,08:17,08:19,08:22,08:24,08:27,==,,,,
38,07:45,07:46,07:48,07:50,07:54,07:57,08:00,08:02,08:04,08:06,08:08,08:09,||,||,||,||,||,||,||,||,||,08:12,08:15,08:16,08:18,08:20
39,07:48,07:50,07:51,07:54,07:57,08:00,08:03,08:05,08:07,08:09,08:11,08:12,08:14,08:17,08:18,08:21,08:23,08:25,08:28,08:30,08:33,==,,,,
40,07:51,07:53,07:54,07:57,08:00,08:03,08:06,08:08,08:10,08:12,08:14,08:15,||,||,||,||,||,||,||,||,||,08:18,08:20,08:22,08:24,08:26
41,07:54,07:56,07:57,08:00,08:03,08:06,08:09,08:11,08:13,08:15,08:17,08:18,08:21,08:23,08:25,08:27,08:29,08:31,08:34,08:36,08:39,==,,,,
42,07:57,07:59,08:00,08:03,08:06,08:09,08:12,08:14,08:16,08:18,08:20,08:21,||,||,||,||,||,||,||,||,||,08:24,08:26,08:28,08:30,08:32
43,08:00,08:02,08:03,08:06,08:09,08:12,08:15,08:17,08:19,08:21,08:23,08:24,08:26,08:29,08:30,08:33,08:35,08:37,08:40,08:42,08:45,==,,,,
44,08:03,08:05,08:06,08:09,08:12,08:15,08:18,08:20,08:22,08:24,08:26,08:27,||,||,||,||,||,||,||,||,||,08:30,08:32,08:34,08:36,08:38
45,08:06,08:08,08:09,08:12,08:15,08:18,08:21,08:23,08:25,08:27,08:29,08:30,08:33,08:35,08:37,08:39,08:41,08:43,08:46,08:48,08:51,==,,,,
46,08:09,08:11,08:12,08:15,08:18,08:21,08:24,08:26,08:28,08:30,08:32,08:34,||,||,||,||,||,||,||,||,||,08:37,08:39,08:41,08:43,08:45
47,08:12,08:14,08:15,08:18,08:21,08:24,08:27,08:29,08:31,08:33,08:35,08:37,08:40,08:42,08:44,08:46,08:49,08:51,08:53,08:56,08:59,==,,,,
48,08:15,08:17,08:18,08:21,08:24,08:27,08:30,08:32,08:34,08:36,08:38,08:40,||,||,||,||,||,||,||,||,||,08:43,08:45,08:47,08:49,08:51
49,08:18,08:20,08:21,08:24,08:27,08:30,08:33,08:35,08:37,08:39,08:41,08:43,08:45,08:48,08:49,08:52,08:54,08:57,08:59,09:02,09:05,==,,,,
50,08:21,08:23,08:24,08:27,08:30,08:33,08:36,08:38,08:40,08:42,08:44,08:46,||,||,||,||,||,||,||,||,||,08:49,08:51,08:53,08:55,08:57
51,08:24,08:25,08:27,08:29,08:33,08:36,08:39,08:41,08:43,08:45,08:47,08:48,08:51,08:53,08:55,08:58,09:00,09:02,09:04,09:06,09:09,==,,,,
52,08:26,08:28,08:30,08:32,08:36,08:39,08:42,08:44,08:46,08:48,08:50,08:51,||,||,||,||,||,||,||,||,||,08:54,08:56,08:58,09:00,09:02
53,08:29,08:31,08:32,08:35,08:38,08:41,08:44,08:46,08:48,08:50,08:52,08:54,08:57,08:59,09:01,09:03,09:06,09:08,09:10,09:13,09:16,==,,,,
54,08:31,08:33,08:35,08:37,08:41,08:44,08:47,08:49,08:51,08:53,08:55,08:57,||,||,||,||,||,||,||,||,||,09:00,09:02,09:04,09:06,09:08
55,08:34,08:36,08:37,08:40,08:43,08:47,08:49,08:52,08:53,08:56,08:57,08:59,09:02,09:04,09:06,09:08,09:11,09:13,09:16,09:18,09:21,==,,,,
56,08:36,08:38,08:40,08:42,08:46,08:49,08:52,08:54,08:56,08:58,09:00,09:01,||,||,||,||,||,||,||,||,||,09:04,09:06,09:08,09:10,09:12
57,08:39,08:41,08:42,08:45,08:48,08:52,08:54,08:57,08:58,09:01,09:02,09:04,09:07,09:09,09:11,09:13,09:16,09:18,09:21,09:23,09:26,==,,,,
58,08:42,08:43,08:45,08:47,08:51,08:54,08:57,08:59,09:01,09:03,09:05,09:07,||,||,||,||,||,||,||,||,||,09:10,09:12,09:14,09:16,09:18
59,08:44,08:46,08:48,08:50,08:53,08:57,08:59,09:02,09:03,09:06,09:07,09:09,09:12,09:14,09:16,09:19,09:21,09:23,09:26,09:28,09:31,==,,,,
60,08:47,08:48,08:50,08:52,08:56,08:59,09:02,09:04,09:06,09:08,09:10,09:12,||,||,||,||,||,||,||,||,||,09:15,09:17,09:19,09:21,09:23
61,08:49,08:51,08:53,08:55,08:59,09:02,09:04,09:07,09:08,09:11,09:13,09:14,09:17,09:19,09:21,09:23,09:25,09:27,09:30,09:32,09:35,==,,,,
62,08:52,08:53,08:55,08:57,09:01,09:04,09:07,09:09,09:11,09:13,09:15,09:17,||,||,||,||,||,||,||,||,||,09:20,09:22,09:24,09:26,09:28
63,08:54,08:56,08:58,09:00,09:04,09:07,09:10,09:12,09:14,09:16,09:18,09:19,09:22,09:24,09:26,09:28,09:31,09:33,09:35,09:37,09:40,==,,,,
64,08:57,08:59,09:00,09:03,09:06,09:09,09:12,09:14,09:16,09:18,09:20,09:22,||,||,||,||,||,||,||,||,||,09:24,09:27,09:28,09:30,09:32
65,08:59,09:01,09:03,09:05,09:09,09:12,09:15,09:17,09:19,09:21,09:22,09:24,09:26,09:28,09:30,09:33,09:35,09:37,09:39,09:41,09:44,==,,,,
66,09:02,09:04,09:06,09:08,09:11,09:15,09:17,09:19,09:21,09:23,09:25,09:26,||,||,||,||,||,||,||,||,||,09:29,09:32,09:34,09:35,09:37
67,09:05,09:06,09:08,09:10,09:14,09:17,09:20,09:22,09:24,09:25,09:27,09:29,09:31,09:33,09:35,09:38,09:40,09:42,09:44,09:46,09:49,==,,,,
68,09:07,09:09,09:11,09:13,09:17,09:20,09:23,09:25,09:27,09:29,09:31,09:32,||,||,||,||,||,||,||,||,||,09:35,09:38,09:39,09:41,09:43
69,09:10,09:12,09:14,09:16,09:20,09:23,09:26,09:28,09:30,09:32,09:34,09:35,09:38,09:40,09:42,09:45,09:47,09:49,09:52,09:54,09:57,==,,,,
70,09:13,09:15,09:17,09:19,09:23,09:26,09:29,09:31,09:33,09:35,09:37,09:39,||,||,||,||,||,||,||,||,||,09:42,09:44,09:46,09:48,09:50
71,09:16,09:18,09:20,09:22,09:26,09:29,09:32,09:34,09:36,09:38,09:40,09:41,09:44,09:46,09:48,09:50,09:53,09:55,09:57,09:59,10:02,==,,,,
72,09:19,09:21,09:23,09:25,09:29,09:32,09:35,09:37,09:39,09:41,09:43,09:44,||,||,||,||,||,||,||,||,||,09:47,09:49,09:51,09:53,09:55
73,09:22,09:24,09:26,09:28,09:32,09:35,09:38,09:40,09:42,09:44,09:46,09:47,09:50,09:52,09:54,09:57,09:59,10:01,10:04,10:06,10:09,==,,,,
74,09:26,09:27,09:29,09:31,09:35,09:38,09:41,09:43,09:45,09:47,09:49,09:51,||,||,||,||,||,||,||,||,||,09:54,09:56,09:58,10:00,10:02
75,09:29,09:31,09:33,09:35,09:39,09:42,09:45,09:47,09:49,09:51,09:53,09:54,09:57,09:59,10:01,10:04,10:06,10:08,10:11,10:13,10:16,==,,,,
76,09:33,09:35,09:37,09:39,09:43,09:46,09:49,09:51,09:53,09:55,09:57,09:58,||,||,||,||,||,||,||,||,||,10:01,10:04,10:06,10:08,10:10
77,09:37,09:39,09:41,09:43,09:47,09:50,09:53,09:56,09:57,10:00,10:01,10:03,10:06,10:08,10:10,10:12,10:15,10:17,10:19,10:22,10:25,==,,,,
78,09:41,09:43,09:45,09:48,09:52,09:55,09:58,10:00,10:02,10:04,10:06,10:08,||,||,||,||,||,||,||,||,||,10:11,10:13,10:15,10:18,10:20
79,09:46,09:47,09:50,09:52,09:56,09:59,10:02,10:04,10:06,10:08,10:10,10:11,10:14,10:16,10:18,10:20,10:22,10:24,10:27,10:29,10:32,==,,,,
80,09:50,09:52,09:54,09:56,10:00,10:04,10:07,10:09,10:11,10:13,10:15,10:16,||,||,||,||,||,||,||,||,||,10:19,10:21,10:23,10:25,10:27
81,09:54,09:56,09:58,10:01,10:05,10:08,10:11,10:13,10:15,10:17,10:19,10:20,10:23,10:25,10:27,10:30,10:32,10:34,10:36,10:39,10:42,==,,,,
82,09:59,10:00,10:03,10:05,10:09,10:12,10:15,10:18,10:19,10:21,10:23,10:25,||,||,||,||,||,||,||,||,||,10:28,10:30,10:32,10:34,10:36
83,10:03,10:05,10:07,10:10,10:14,10:17,10:20,10:22,10:24,10:26,10:28,10:29,10:32,10:34,10:36,10:39,10:41,10:43,10:46,10:48,10:51,==,,,,
84,10:07,10:09,10:12,10:14,10:18,10:21,10:24,10:26,10:28,10:30,10:32,10:34,||,||,||,||,||,||,||,||,||,10:37,10:39,10:41,10:43,10:45
85,10:12,10:14,10:16,10:18,10:22,10:26,10:29,10:31,10:32,10:35,10:36,10:38,10:41,10:43,10:45,10:48,10:50,10:52,10:55,10:57,11:00,==,,,,
86,10:16,10:18,10:20,10:23,10:27,10:30,10:33,10:35,10:37,10:39,10:41,10:42,||,||,||,||,||,||,||,||,||,10:45,10:48,10:49,10:51,10:53
87,10:21,10:22,10:25,10:27,10:31,10:34,10:37,10:39,10:41,10:43,10:45,10:47,10:49,10:52,10:53,10:56,10:58,11:00,11:03,11:06,11:09,==,,,,
88,10:25,10:27,10:29,10:32,10:36,10:39,10:42,10:44,10:46,10:48,10:50,10:51,||,||,||,||,||,||,||,||,||,10:54,10:56,10:58,11:00,11:02
89,10:29,10:31,10:33,10:36,10:40,10:43,10:46,10:48,10:50,10:52,10:54,10:55,10:58,11:00,11:02,11:05,11:07,11:09,11:12,11:14,11:17,==,,,,
90,10:34,10:36,10:38,10:40,10:44,10:47,10:50,10:53,10:54,10:57,10:58,11:00,||,||,||,||,||,||,||,||,||,11:03,11:05,11:07,11:09,11:11
91,10:38,10:40,10:42,10:45,10:49,10:52,10:55,10:57,10:59,11:01,11:03,11:04,11:07,11:09,11:11,11:14,11:16,11:18,11:20,11:23,11:26,==,,,,
92,10:43,10:44,10:47,10:49,10:53,10:56,10:59,11:01,11:03,11:05,11:07,11:09,||,||,||,||,||,||,||,||,||,11:12,11:14,11:16,11:18,11:20
93,10:47,10:49,10:51,10:53,10:57,11:01,11:04,11:06,11:07,11:10,11:12,11:13,11:16,11:18,11:20,11:22,11:25,11:27,11:29,11:32,11:35,==,,,,
94,10:51,10:52,10:54,10:56,11:00,11:04,11:07,11:09,11:11,11:13,11:15,11:16,||,||,||,||,||,||,||,||,||,11:19,11:22,11:23,11:25,11:27
95,10:55,10:57,10:59,11:01,11:05,11:09,11:12,11:14,11:16,11:18,11:20,11:21,11:24,11:26,11:28,11:31,11:33,11:35,11:38,11:40,11:43,==,,,,
96,11:00,11:02,11:04,11:06,11:10,11:14,11:17,11:19,11:21,11:23,11:25,11:26,||,||,||,||,||,||,||,||,||,11:29,11:31,11:33,11:35,11:37
97,11:05,11:07,11:09,11:11,11:15,11:19,11:21,11:24,11:25,11:28,11:29,11:31,11:34,11:36,11:38,11:40,11:43,11:45,11:47,11:50,11:53,==,,,,
98,11:10,11:12,11:13,11:16,11:19,11:24,11:26,11:28,11:30,11:32,11:34,11:36,||,||,||,||,||,||,||,||,||,11:39,11:41,11:43,11:45,11:47
99,11:15,11:16,11:18,11:20,11:24,11:29,11:31,11:33,11:35,11:37,11:39,11:41,11:43,11:45,11:47,11:50,11:52,11:54,11:57,11:59,12:02,==,,,,
100,11:20,11:21,11:23,11:25,11:29,11:33,11:36,11:38,11:40,11:42,11:44,11:45,||,||,||,||,||,||,||,||,||,11:48,11:51,11:52,11:54,11:56
101,11:24,11:26,11:28,11:30,11:34,11:38,11:41,11:43,11:45,11:47,11:49,11:50,11:53,11:55,11:57,12:00,12:02,12:04,12:07,12:09,12:12,==,,,,
102,11:29,11:31,11:33,11:35,11:39,11:43,11:46,11:48,11:50,11:52,11:54,11:55,||,||,||,||,||,||,||,||,||,11:58,12:00,12:02,12:04,12:06
103,11:34,11:36,11:38,11:40,11:44,11:48,11:50,11:53,11:54,11:57,11:58,12:00,12:03,12:05,12:07,12:09,12:12,12:14,12:16,12:19,12:22,==,,,,
104,11:39,11:41,11:42,11:45,11:48,11:53,11:55,11:57,11:59,12:01,12:03,12:05,||,||,||,||,||,||,||,||,||,12:08,12:10,12:12,12:14,12:16
105,11:44,11:45,11:47,11:49,11:53,11:58,12:00,12:02,12:04,12:06,12:08,12:10,12:12,12:14,12:16,12:19,12:21,12:23,12:26,12:28,12:31,==,,,,
106,11:49,11:50,11:52,11:54,11:58,12:02,12:05,12:07,12:09,12:11,12:13,12:14,||,||,||,||,||,||,||,||,||,12:17,12:20,12:21,12:23,12:25
107,11:53,11:55,11:57,11:59,12:03,12:07,12:10,12:12,12:14,12:16,12:18,12:19,12:22,12:24,12:26,12:29,12:31,12:33,12:36,12:38,12:41,==,,,,
108,11:58,12:00,12:02,12:04,12:08,12:12,12:15,12:17,12:19,12:21,12:23,12:24,||,||,||,||,||,||,||,||,||,12:27,12:29,12:31,12:33,12:35
109,12:03,12:05,12:07,12:09,12:13,12:17,12:19,12:22,12:23,12:26,12:27,12:29,12:32,12:34,12:36,12:38,12:41,12:43,12:45,12:48,12:51,==,,,,
110,12:08,12:10,12:11,12:14,12:17,12:22,12:24,12:26,12:28,12:30,12:32,12:34,||,||,||,||,||,||,||,||,||,12:37,12:39,12:41,12:43,12:45
111,12:13,12:14,12:16,12:18,12:22,12:27,12:29,12:31,12:33,12:35,12:37,12:39,12:41,12:43,12:45,12:48,12:50,12:52,12:55,12:57,13:00,==,,,,
112,12:18,12:19,12:21,12:23,12:27,12:31,12:34,12:36,12:38,12:40,12:42,12:43,||,||,||,||,||,||,||,||,||,12:46,12:49,12:50,12:52,12:54
113,12:22,12:24,12:26,12:28,12:32,12:36,12:39,12:41,12:43,12:45,12:47,12:48,12:51,12:53,12:55,12:58,13:00,13:02,13:05,13:07,13:10,==,,,,
114,12:27,12:29,12:31,12:33,12:37,12:41,12:44,12:46,12:48,12:50,12:52,12:53,||,||,||,||,||,||,||,||,||,12:56,12:58,13:00,13:02,13:04
115,12:32,12:34,12:36,12:38,12:42,12:46,12:48,12:51,12:52,12:55,12:56,12:58,13:01,13:03,13:05,13:07,13:10,13:12,13:14,13:17,13:20,==,,,,
116,12:37,12:39,12:40,12:43,12:46,12:51,12:53,12:55,12:57,12:59,13:01,13:03,||,||,||,||,||,||,||,||,||,13:06,13:08,13:10,13:12,13:14
117,12:42,12:43,12:45,12:47,12:51,12:56,12:58,13:00,13:02,13:04,13:06,13:08,13:10,13:12,13:14,13:17,13:19,13:21,13:24,13:26,13:29,==,,,,
118,12:47,12:48,12:50,12:52,12:56,13:00,13:03,13:05,13:07,13:09,13:11,13:12,||,||,||,||,||,||,||,||,||,13:15,13:18,13:19,13:21,13:23
119,12:51,12:53,12:55,12:57,13:01,13:05,13:08,13:10,13:12,13:14,13:16,13:17,13:20,13:22,13:24,13:27,13:29,13:31,13:34,13:36,13:39,==,,,,
120,12:56,12:58,13:00,13:02,13:06,13:10,13:13,13:15,13:17,13:19,13:21,13:22,||,||,||,||,||,||,||,||,||,13:25,13:27,13:29,13:31,13:33
121,13:01,13:03,13:05,13:07,13:11,13:15,13:17,13:20,13:21,13:24,13:25,13:27,13:30,13:32,13:34,13:36,13:39,13:41,13:43,13:46,13:49,==,,,,
122,13:06,13:08,13:09,13:12,13:15,13:20,13:22,13:24,13:26,13:28,13:30,13:32,||,||,||,||,||,||,||,||,||,13:35,13:37,13:39,13:41,13:43
123,13:11,13:12,13:14,13:16,13:20,13:25,13:27,13:29,13:31,13:33,13:35,13:37,13:39,13:41,13:43,13:46,13:48,13:50,13:53,13:55,13:58,==,,,,
124,13:16,13:17,13:19,13:21,13:25,13:29,13:32,13:34,13:36,13:38,13:40,13:41,||,||,||,||,||,||,||,||,||,13:44,13:47,13:48,13:50,13:52
125,13:20,13:22,13:24,13:26,13:30,13:34,13:37,13:39,13:41,13:43,13:45,13:46,13:49,13:51,13:53,13:56,13:58,14:00,14:03,14:05,14:08,==,,,,
126,13:25,13:27,13:29,13:31,13:35,13:39,13:42,13:44,13:46,13:48,13:50,13:51,||,||,||,||,||,||,||,||,||,13:54,13:56,13:58,14:00,14:02
127,13:30,13:32,13:34,13:36,13:40,13:44,13:46,13:49,13:50,13:53,13:54,13:56,13:59,14:01,14:03,14:05,14:08,14:10,14:12,14:15,14:18,==,,,,
128,13:35,13:37,13:38,13:41,13:44,13:49,13:51,13:53,13:55,13:57,13:59,14:01,||,||,||,||,||,||,||,||,||,14:04,14:06,14:08,14:10,14:12
129,13:40,13:41,13:43,13:45,13:49,13:54,13:56,13:58,14:00,14:02,14:04,14:06,14:08,14:10,14:12,14:15,14:17,14:19,14:22,14:24,14:27,==,,,,
130,13:45,13:46,13:48,13:50,13:54,13:58,14:01,14:03,14:05,14:07,14:09,14:10,||,||,||,||,||,||,||,||,||,14:13,14:16,14:17,14:19,14:21
131,13:49,13:51,13:53,13:55,13:59,14:03,14:06,14:08,14:10,14:12,14:14,14:15,14:18,14:20,14:22,14:25,14:27,14:29,14:32,14:34,14:37,==,,,,
132,13:54,13:56,13:58,14:00,14:04,14:08,14:11,14:13,14:15,14:17,14:19,14:20,||,||,||,||,||,||,||,||,||,14:23,14:25,14:27,14:29,14:31
133,13:59,14:01,14:03,14:05,14:09,14:13,14:15,14:18,14:19,14:22,14:23,14:25,14:28,14:30,14:32,14:34,14:37,14:39,14:41,14:44,14:47,==,,,,
134,14:04,14:06,14:07,14:10,14:13,14:18,14:20,14:22,14:24,14:26,14:28,14:30,||,||,||,||,||,||,||,||,||,14:33,14:35,14:37,14:39,14:41
135,14:09,14:10,14:12,14:14,14:18,14:23,14:25,14:27,14:29,14:31,14:33,14:35,14:37,14:39,14:41,14:44,14:46,14:48,14:51,14:53,14:56,==,,,,
136,14:14,14:15,14:17,14:19,14:23,14:27,14:30,14:32,14:34,14:36,14:38,14:39,||,||,||,||,||,||,||,||,||,14:42,14:45,14:46,14:48,14:50
137,14:18,14:20,14:22,14:24,14:28,14:32,14:35,14:37,14:39,14:41,14:43,14:44,14:47,14:49,14:51,14:54,14:56,14:58,15:01,15:03,15:06,==,,,,
138,14:23,14:25,14:27,14:29,14:33,14:37,14:40,14:42,14:44,14:46,14:48,14:49,||,||,||,||,||,||,||,||,||,14:52,14:54,14:56,14:58,15:00
139,14:28,14:30,14:32,14:34,14:38,14:42,14:44,14:47,14:48,14:51,14:52,14:54,14:57,14:59,15:01,15:03,15:06,15:08,15:10,15:13,15:16,==,,,,
140,14:33,14:35,14:36,14:39,14:42,14:47,14:49,14:51,14:53,14:55,14:57,14:59,||,||,||,||,||,||,||,||,||,15:02,15:04,15:06,15:08,15:10
141,14:38,14:39,14:41,14:43,14:47,14:52,14:54,14:56,14:58,15:00,15:02,15:04,15:06,15:08,15:10,15:13,15:15,15:17,15:20,15:22,15:25,==,,,,
142,14:43,14:44,14:46,14:48,14:52,14:56,14:59,15:01,15:03,15:05,15:07,15:08,||,||,||,||,||,||,||,||,||,15:11,15:14,15:15,15:17,15:19
143,14:47,14:49,14:51,14:53,14:57,15:01,15:04,15:06,15:08,15:10,15:12,15:13,15:16,15:18,15:20,15:23,15:25,15:27,15:30,15:32,15:35,==,,,,
144,14:52,14:54,14:56,14:58,15:02,15:06,15:09,15:11,15:13,15:15,15:17,15:18,||,||,||,||,||,||,||,||,||,15:21,15:23,15:25,15:27,15:29
145,14:57,14:59,15:01,15:03,15:07,15:11,15:13,15:16,15:17,15:20,15:21,15:23,15:26,15:28,15:30,15:32,15:35,15:37,15:39,15:42,15:45,==,,,,
146,15:02,15:04,15:05,15:08,15:11,15:16,15:18,15:20,15:22,15:24,15:26,15:28,||,||,||,||,||,||,||,||,||,15:31,15:33,15:35,15:37,15:39
147,15:07,15:08,15:10,15:12,15:16,15:21,15:23,15:25,15:27,15:29,15:31,15:33,15:35,15:37,15:39,15:42,15:44,15:46,15:49,15:51,15:54,==,,,,
148,15:12,15:13,15:15,15:17,15:21,15:25,15:28,15:30,15:32,15:34,15:36,15:37,||,||,||,||,||,||,||,||,||,15:40,15:43,15:44,15:46,15:48
149,15:16,15:18,15:20,15:23,15:27,15:30,15:33,15:35,15:37,15:39,15:41,15:42,15:45,15:47,15:49,15:52,15:54,15:56,15:59,16:01,16:04,==,,,,
150,15:21,15:23,15:25,15:28,15:32,15:35,15:38,15:40,15:42,15:44,15:46,15:47,||,||,||,||,||,||,||,||,||,15:50,15:52,15:54,15:56,15:58
151,15:26,15:28,15:30,15:32,15:36,15:40,15:42,15:45,15:46,15:49,15:50,15:52,15:55,15:57,15:59,16:01,16:04,16:06,16:08,16:11,16:14,==,,,,
152,15:31,15:33,15:35,15:37,15:41,15:44,15:47,15:49,15:51,15:53,15:55,15:57,||,||,||,||,||,||,||,||,||,16:00,16:02,16:04,16:06,16:08
153,15:36,15:38,15:40,15:42,15:46,15:49,15:52,15:54,15:56,15:58,16:00,16:02,16:04,16:06,16:08,16:11,16:13,16:15,16:18,16:20,16:23,==,,,,
154,15:41,15:42,15:45,15:47,15:51,15:54,15:57,15:59,16:01,16:03,16:05,16:06,||,||,||,||,||,||,||,||,||,16:09,16:12,16:13,16:15,16:17
155,15:45,15:47,15:49,15:52,15:56,15:59,16:02,16:04,16:06,16:08,16:10,16:11,16:14,16:16,16:18,16:21,16:23,16:25,16:28,16:30,16:33,==,,,,
156,15:50,15:52,15:54,15:57,16:01,16:04,16:07,16:09,16:11,16:13,16:15,16:16,||,||,||,||,||,||,||,||,||,16:19,16:21,16:23,16:25,16:27
157,15:55,15:57,15:59,16:01,16:05,16:09,16:11,16:14,16:15,16:18,16:19,16:21,16:24,16:26,16:28,16:30,16:33,16:35,16:37,16:40,16:43,==,,,,
158,16:00,16:02,16:04,16:06,16:10,16:13,16:16,16:18,16:20,16:22,16:24,16:26,||,||,||,||,||,||,||,||,||,16:29,16:31,16:33,16:35,16:37
159,16:05,16:07,16:09,16:11,16:15,16:18,16:21,16:23,16:25,16:27,16:29,16:31,16:33,16:35,16:37,16:40,16:42,16:44,16:47,16:49,16:52,==,,,,
160,16:10,16:11,16:14,16:16,16:20,16:23,16:26,16:28,16:30,16:32,16:34,16:35,||,||,||,||,||,||,||,||,||,16:38,16:41,16:43,16:45,16:47
161,16:14,16:16,16:18,16:21,16:25,16:28,16:31,16:33,16:35,16:37,16:39,16:40,16:43,16:45,16:47,16:50,16:52,16:54,16:57,16:59,17:02,==,,,,
162,16:19,16:21,16:23,16:26,16:30,16:33,16:36,16:38,16:40,16:42,16:44,16:45,||,||,||,||,||,||,||,||,||,16:48,16:50,16:52,16:54,16:56
163,16:24,16:26,16:28,16:30,16:34,16:38,16:40,16:43,16:44,16:47,16:48,16:50,16:53,16:55,16:57,16:59,17:01,17:03,17:06,17:08,17:11,==,,,,
164,16:29,16:31,16:33,16:35,16:39,16:42,16:45,16:47,16:49,16:51,16:53,16:55,||,||,||,||,||,||,||,||,||,16:58,17:00,17:02,17:04,17:06
165,16:34,16:36,16:38,16:40,16:44,16:47,16:50,16:52,16:54,16:56,16:58,17:00,17:02,17:04,17:06,17:09,17:11,17:13,17:16,17:18,17:21,==,,,,
166,16:39,16:40,16:43,16:45,16:49,16:52,16:55,16:57,16:59,17:01,17:03,17:04,||,||,||,||,||,||,||,||,||,17:07,17:10,17:11,17:13,17:15
167,16:44,16:45,16:47,16:50,16:54,16:57,17:00,17:02,17:04,17:06,17:08,17:09,17:12,17:14,17:16,17:18,17:20,17:22,17:25,17:27,17:30,==,,,,
168,16:49,16:50,16:52,16:55,16:59,17:02,17:05,17:07,17:09,17:11,17:13,17:14,||,||,||,||,||,||,||,||,||,17:17,17:19,17:21,17:23,17:25
169,16:54,16:56,16:58,17:00,17:04,17:08,17:10,17:12,17:14,17:16,17:18,17:20,17:22,17:24,17:26,17:29,17:31,17:33,17:35,17:38,17:41,==,,,,
170,17:00,17:01,17:03,17:05,17:09,17:13,17:15,17:17,17:19,17:21,17:23,17:24,||,||,||,||,||,||,||,||,||,17:27,17:29,17:31,17:33,17:35
171,17:04,17:06,17:08,17:10,17:14,17:17,17:20,17:22,17:24,17:26,17:27,17:29,17:31,17:33,17:35,17:38,17:40,17:42,17:44,17:46,17:49,==,,,,
172,17:07,17:09,17:11,17:13,17:17,17:21,17:23,17:26,17:27,17:30,17:32,17:33,||,||,||,||,||,||,||,||,||,17:36,17:38,17:40,17:42,17:44
173,17:10,17:12,17:14,17:16,17:20,17:24,17:26,17:28,17:30,17:32,17:34,17:36,17:38,17:40,17:42,17:45,17:47,17:49,17:51,17:53,17:56,==,,,,
174,17:14,17:15,17:17,17:20,17:24,17:27,17:30,17:32,17:34,17:36,17:38,17:39,||,||,||,||,||,||,||,||,||,17:42,17:45,17:47,17:49,17:51
175,17:17,17:19,17:21,17:23,17:27,17:30,17:33,17:35,17:37,17:39,17:41,17:42,17:45,17:47,17:48,17:51,17:53,17:55,17:58,18:00,18:03,==,,,,
176,17:20,17:22,17:24,17:26,17:30,17:33,17:36,17:38,17:40,17:42,17:44,17:46,||,||,||,||,||,||,||,||,||,17:49,17:51,17:53,17:55,17:57
177,17:23,17:25,17:27,17:29,17:33,17:36,17:39,17:41,17:43,17:45,17:47,17:48,17:51,17:53,17:55,17:57,17:59,18:01,18:04,18:06,18:09,==,,,,
178,17:26,17:28,17:30,17:32,17:36,17:40,17:42,17:45,17:46,17:49,17:51,17:52,||,||,||,||,||,||,||,||,||,17:55,17:57,17:59,18:01,18:03
179,17:29,17:31,17:33,17:35,17:40,17:43,17:46,17:48,17:49,17:51,17:53,17:55,17:57,17:59,18:01,18:04,18:06,18:08,18:10,18:12,18:15,==,,,,
180,17:33,17:34,17:36,17:39,17:43,17:46,17:49,17:51,17:53,17:55,17:57,17:58,||,||,||,||,||,||,||,||,||,18:01,18:04,18:06,18:08,18:10
181,17:36,17:37,17:39,17:42,17:46,17:49,17:52,17:54,17:55,17:58,17:59,18:01,18:03,18:05,18:07,18:10,18:12,18:14,18:17,18:19,18:22,==,,,,
182,17:39,17:41,17:43,17:45,17:49,17:52,17:55,17:57,17:59,18:01,18:03,18:05,||,||,||,||,||,||,||,||,||,18:08,18:10,18:12,18:14,18:16
183,17:42,17:44,17:46,17:48,17:52,17:55,17:58,18:00,18:02,18:04,18:06,18:07,18:10,18:12,18:14,18:16,18:19,18:21,18:23,18:25,18:28,==,,,,
184,17:45,17:47,17:49,17:51,17:55,17:59,18:01,18:04,18:05,18:08,18:10,18:11,||,||,||,||,||,||,||,||,||,18:14,18:16,18:18,18:20,18:22
185,17:48,17:50,17:52,17:54,17:58,18:02,18:04,18:06,18:08,18:10,18:12,18:14,18:16,18:18,18:20,18:23,18:25,18:27,18:29,18:31,18:34,==,,,,
186,17:52,17:53,17:55,17:58,18:02,18:05,18:08,18:10,18:12,18:14,18:16,18:17,||,||,||,||,||,||,||,||,||,18:20,18:23,18:25,18:27,18:29
187,17:55,17:57,17:59,18:01,18:05,18:08,18:11,18:13,18:15,18:17,18:19,18:20,18:23,18:25,18:26,18:29,18:31,18:33,18:36,18:38,18:41,==,,,,
188,17:58,18:00,18:02,18:04,18:08,18:11,18:14,18:16,18:18,18:20,18:22,18:24,||,||,||,||,||,||,||,||,||,18:27,18:29,18:31,18:33,18:35
189,18:01,18:03,18:05,18:07,18:11,18:14,18:17,18:19,18:21,18:23,18:25,18:26,18:29,18:31,18:33,18:35,18:37,18:39,18:42,18:44,18:47,==,,,,
190,18:04,18:06,18:08,18:10,18:14,18:18,18:20,18:23,18:24,18:27,18:29,18:30,||,||,||,||,||,||,||,||,||,18:33,18:35,18:37,18:39,18:41
191,18:07,18:09,18:11,18:13,18:18,18:21,18:24,18:26,18:27,18:29,18:31,18:33,18:35,18:37,18:39,18:42,18:44,18:46,18:48,18:50,18:53,==,,,,
192,18:11,18:12,18:14,18:17,18:21,18:24,18:27,18:29,18:31,18:33,18:35,18:36,||,||,||,||,||,||,||,||,||,18:39,18:42,18:44,18:46,18:48
193,18:14,18:15,18:17,18:20,18:24,18:27,18:30,18:32,18:33,18:36,18:37,18:39,18:41,18:43,18:45,18:48,18:50,18:52,18:55,18:57,19:00,==,,,,
194,18:17,18:19,18:21,18:23,18:27,18:30,18:33,18:35,18:37,18:39,18:41,18:43,||,||,||,||,||,||,||,||,||,18:46,18:48,18:50,18:52,18:54
195,18:20,18:22,18:24,18:26,18:30,18:33,18:36,18:38,18:40,18:42,18:44,18:45,18:48,18:50,18:52,18:54,18:56,18:58,19:01,19:03,19:06,==,,,,
196,18:23,18:25,18:27,18:29,18:33,18:37,18:39,18:42,18:43,18:46,18:48,18:49,||,||,||,||,||,||,||,||,||,18:52,18:54,18:56,18:58,19:00
197,18:26,18:28,18:30,18:32,18:36,18:40,18:42,18:45,18:46,18:49,18:51,18:52,18:55,18:57,18:59,19:02,19:04,19:06,19:08,19:11,19:14,==,,,,
198,18:30,18:31,18:33,18:36,18:40,18:43,18:46,18:48,18:50,18:52,18:54,18:55,||,||,||,||,||,||,||,||,||,18:58,19:01,19:03,19:05,19:07
199,18:33,18:35,18:37,18:39,18:43,18:46,18:49,18:51,18:53,18:55,18:57,18:59,19:01,19:03,19:05,19:08,19:10,19:12,19:15,19:17,19:20,==,,,,
200,18:36,18:38,18:40,18:42,18:46,18:49,18:52,18:54,18:56,18:58,19:00,19:02,||,||,||,||,||,||,||,||,||,19:05,19:07,19:09,19:11,19:13
201,18:39,18:41,18:43,18:45,18:49,18:52,18:55,18:57,18:59,19:01,19:03,19:05,19:08,19:10,19:12,19:14,19:16,19:18,19:21,19:24,19:27,==,,,,
202,18:42,18:44,18:46,18:48,18:52,18:56,18:58,19:00,19:02,19:04,19:06,19:07,||,||,||,||,||,||,||,||,||,19:10,19:12,19:14,19:16,19:18
203,18:45,18:47,18:49,18:51,18:56,18:59,19:02,19:04,19:06,19:08,19:10,19:11,19:14,19:16,19:18,19:21,19:23,19:25,19:28,19:30,19:33,==,,,,
204,18:49,18:50,18:52,18:55,18:59,19:02,19:05,19:07,19:09,19:11,19:13,19:14,||,||,||,||,||,||,||,||,||,19:17,19:20,19:22,19:24,19:26
205,18:52,18:54,18:56,18:58,19:02,19:05,19:08,19:10,19:12,19:14,19:16,19:18,19:20,19:22,19:24,19:27,19:29,19:31,19:34,19:36,19:39,==,,,,
206,18:55,18:57,18:59,19:01,19:05,19:08,19:11,19:13,19:15,19:17,19:19,19:21,||,||,||,||,||,||,||,||,||,19:24,19:26,19:28,19:30,19:32
207,18:58,19:00,19:02,19:04,19:08,19:11,19:14,19:16,19:18,19:20,19:22,19:24,19:27,19:29,19:31,19:33,19:35,19:38,19:40,19:43,19:46,==,,,,
208,19:01,19:03,19:05,19:07,19:11,19:15,19:17,19:19,19:21,19:23,19:25,19:26,||,||,||,||,||,||,||,||,||,19:29,19:31,19:33,19:35,19:37
209,19:04,19:06,19:08,19:10,19:15,19:18,19:21,19:23,19:25,19:27,19:29,19:30,19:33,19:35,19:37,19:40,19:42,19:44,19:47,19:49,19:52,==,,,,
210,19:08,19:09,19:11,19:14,19:18,19:21,19:24,19:26,19:28,19:30,19:32,19:33,||,||,||,||,||,||,||,||,||,19:36,19:39,19:41,19:43,19:45
211,19:11,19:13,19:15,19:17,19:21,19:24,19:27,19:29,19:31,19:33,19:35,19:37,19:39,19:41,19:43,19:46,19:48,19:50,19:53,19:55,19:58,==,,,,
212,19:14,19:16,19:18,19:20,19:24,19:27,19:30,19:32,19:34,19:36,19:38,19:40,||,||,||,||,||,||,||,||,||,19:43,19:45,19:47,19:49,19:51
213,19:17,19:19,19:21,19:23,19:27,19:30,19:33,19:35,19:37,19:39,19:41,19:43,19:46,19:48,19:50,19:52,19:55,19:57,19:59,20:02,20:05,==,,,,
214,19:20,19:22,19:24,19:26,19:30,19:34,19:36,19:38,19:40,19:42,19:44,19:45,||,||,||,||,||,||,||,||,||,19:48,19:50,19:52,19:54,19:56
215,19:23,19:25,19:27,19:29,19:34,19:37,19:40,19:42,19:44,19:46,19:48,19:49,19:52,19:54,19:56,19:59,20:01,20:03,20:06,20:08,20:11,==,,,,
216,19:27,19:28,19:30,19:33,19:37,19:40,19:43,19:45,19:47,19:49,19:51,19:52,||,||,||,||,||,||,||,||,||,19:55,19:58,20:00,20:02,20:04
217,19:30,19:32,19:34,19:36,19:40,19:43,19:46,19:48,19:50,19:52,19:54,19:56,19:58,20:00,20:02,20:05,20:07,20:09,20:12,20:14,20:17,==,,,,
218,19:33,19:35,19:37,19:39,19:43,19:46,19:49,19:51,19:53,19:55,19:57,19:59,||,||,||,||,||,||,||,||,||,20:02,20:04,20:06,20:08,20:10
219,19:36,19:38,19:40,19:42,19:46,19:49,19:52,19:54,19:56,19:58,20:00,20:02,20:05,20:07,20:09,20:11,20:14,20:16,20:18,20:21,20:24,==,,,,
220,19:39,19:41,19:43,19:45,19:49,19:53,19:55,19:57,19:59,20:01,20:03,20:04,||,||,||,||,||,||,||,||,||,20:07,20:10,20:11,20:13,20:15
221,19:42,19:44,19:46,19:48,19:53,19:56,19:59,20:01,20:03,20:05,20:07,20:08,20:11,20:13,20:15,20:18,20:20,20:22,20:25,20:27,20:30,==,,,,
222,19:46,19:47,19:49,19:51,19:56,19:59,20:02,20:04,20:06,20:08,20:09,20:11,||,||,||,||,||,||,||,||,||,20:14,20:16,20:18,20:20,20:22
223,19:49,19:51,19:53,19:55,19:59,20:02,20:05,20:07,20:09,20:11,20:13,20:15,20:17,20:19,20:21,20:24,20:26,20:28,20:31,20:34,20:37,==,,,,
224,19:52,19:54,19:56,19:58,20:02,20:05,20:08,20:10,20:12,20:14,20:16,20:18,||,||,||,||,||,||,||,||,||,20:21,20:23,20:25,20:27,20:29
225,19:56,19:58,20:00,20:02,20:06,20:10,20:13,20:15,20:17,20:19,20:21,20:22,20:25,20:27,20:29,20:31,20:34,20:36,20:38,20:41,20:44,==,,,,
226,20:01,20:03,20:05,20:07,20:11,20:15,20:18,20:20,20:21,20:24,20:25,20:27,||,||,||,||,||,||,||,||,||,20:30,20:32,20:34,20:36,20:38
227,20:06,20:07,20:09,20:12,20:15,20:20,20:22,20:24,20:26,20:28,20:30,20:32,20:34,20:36,20:38,20:41,20:43,20:45,20:48,20:50,20:53,==,,,,
228,20:11,20:12,20:14,20:16,20:20,20:24,20:27,20:29,20:31,20:33,20:35,20:36,||,||,||,||,||,||,||,||,||,20:39,20:42,20:44,20:46,20:48
229,20:15,20:17,20:19,20:21,20:25,20:29,20:32,20:34,20:36,20:38,20:40,20:41,20:44,20:46,20:48,20:50,20:53,20:55,20:57,21:00,21:03,==,,,,
230,20:20,20:22,20:24,20:26,20:30,20:34,20:37,20:39,20:41,20:43,20:45,20:46,||,||,||,||,||,||,||,||,||,20:49,20:51,20:53,20:55,20:57
231,20:25,20:27,20:29,20:31,20:34,20:39,20:42,20:44,20:45,20:47,20:49,20:51,20:53,20:55,20:57,21:00,21:02,21:04,21:07,21:09,21:12,==,,,,
232,20:30,20:31,20:33,20:36,20:39,20:44,20:46,20:48,20:50,20:52,20:54,20:56,||,||,||,||,||,||,||,||,||,20:59,21:01,21:03,21:05,21:07
233,20:35,20:36,20:38,20:40,20:44,20:48,20:51,20:53,20:55,20:57,20:59,21:00,21:03,21:05,21:07,21:10,21:12,21:14,21:17,21:19,21:22,==,,,,
234,20:39,20:41,20:43,20:45,20:49,20:53,20:56,20:58,21:00,21:02,21:04,21:05,||,||,||,||,||,||,||,||,||,21:08,21:11,21:12,21:14,21:16
235,20:44,20:46,20:48,20:50,20:54,20:58,21:01,21:03,21:04,21:07,21:08,21:10,21:12,21:15,21:16,21:19,21:21,21:23,21:26,21:28,21:31,==,,,,
236,20:49,20:51,20:52,20:55,20:58,21:03,21:05,21:08,21:09,21:11,21:13,21:15,||,||,||,||,||,||,||,||,||,21:18,21:20,21:22,21:24,21:26
237,20:54,20:55,20:57,20:59,21:03,21:08,21:10,21:12,21:14,21:16,21:18,21:20,21:22,21:24,21:26,21:29,21:31,21:33,21:36,21:38,21:41,==,,,,
238,20:58,21:00,21:02,21:04,21:08,21:12,21:15,21:17,21:19,21:21,21:23,21:24,||,||,||,||,||,||,||,||,||,21:27,21:30,21:32,21:34,21:36
239,21:03,21:05,21:07,21:09,21:13,21:17,21:20,21:22,21:24,21:26,21:28,21:29,21:32,21:34,21:35,21:38,21:41,21:43,21:45,21:48,21:51,==,,,,
240,21:08,21:10,21:12,21:14,21:18,21:22,21:25,21:27,21:28,21:31,21:32,21:34,||,||,||,||,||,||,||,||,||,21:37,21:39,21:41,21:43,21:45
241,21:13,21:14,21:16,21:19,21:22,21:27,21:29,21:31,21:33,21:35,21:37,21:39,21:41,21:43,21:45,21:48,21:50,21:52,21:55,21:57,22:00,==,,,,
242,21:18,21:19,21:21,21:23,21:27,21:31,21:34,21:36,21:38,21:40,21:42,21:43,||,||,||,||,||,||,||,||,||,21:46,21:49,21:51,21:53,21:55
243,21:22,21:24,21:26,21:28,21:32,21:36,21:39,21:41,21:43,21:45,21:47,21:48,21:51,21:53,21:55,21:57,22:00,22:02,22:04,22:07,22:10,==,,,,
244,21:27,21:29,21:31,21:33,21:37,21:41,21:44,21:46,21:48,21:50,21:52,21:53,||,||,||,||,||,||,||,||,||,21:56,21:58,22:00,22:02,22:04
245,21:32,21:34,21:36,21:38,21:41,21:46,21:48,21:51,21:52,21:54,21:56,21:58,22:00,22:02,22:04,22:07,22:09,22:11,22:14,22:16,22:19,==,,,,
246,21:37,21:38,21:40,21:42,21:46,21:51,21:53,21:55,21:57,21:59,22:01,22:03,||,||,||,||,||,||,||,||,||,22:06,22:08,22:10,22:12,22:14
247,21:41,21:43,21:45,21:47,21:51,21:55,21:58,22:00,22:02,22:04,22:06,22:07,22:10,22:12,22:14,22:17,22:19,22:21,22:23,22:26,22:29,==,,,,
248,21:46,21:48,21:50,21:52,21:56,22:00,22:03,22:05,22:07,22:09,22:11,22:12,||,||,||,||,||,||,||,||,||,22:15,22:18,22:19,22:21,22:23
249,21:51,21:53,21:55,21:57,22:01,22:05,22:08,22:10,22:11,22:14,22:15,22:17,22:20,22:22,22:23,22:26,22:28,22:30,22:33,22:35,22:38,==,,,,
250,21:56,21:57,21:59,22:02,22:05,22:10,22:12,22:15,22:16,22:18,22:20,22:22,||,||,||,||,||,||,||,||,||,22:25,22:27,22:29,22:31,22:33
251,22:01,22:02,22:04,22:06,22:10,22:14,22:17,22:19,22:21,22:23,22:25,22:26,22:29,22:31,22:33,22:36,22:38,22:40,22:43,22:45,22:48,==,,,,
252,22:05,22:07,22:09,22:11,22:15,22:19,22:22,22:24,22:26,22:28,22:30,22:31,||,||,||,||,||,||,||,||,||,22:34,22:37,22:39,22:41,22:43
253,22:10,22:12,22:14,22:16,22:20,22:24,22:27,22:29,22:31,22:33,22:35,22:36,22:39,22:41,22:43,22:45,22:48,22:50,22:52,22:55,22:58,==,,,,
254,22:15,22:17,22:19,22:21,22:25,22:29,22:32,22:33,22:35,22:37,22:39,22:40,||,||,||,||,||,||,||,||,||,22:43,22:46,22:47,22:49,22:51
255,22:20,22:21,22:23,22:26,22:29,22:34,22:36,22:38,22:40,22:42,22:44,22:46,22:48,22:50,22:52,22:55,22:57,22:59,23:02,23:04,23:07,==,,,,
256,22:25,22:26,22:28,22:30,22:34,22:38,22:41,22:43,22:45,22:47,22:49,22:50,||,||,||,||,||,||,||,||,||,22:53,22:56,22:58,23:00,23:02
257,22:29,22:31,22:33,22:35,22:39,22:43,22:46,22:48,22:50,22:52,22:54,22:55,22:58,23:00,23:02,23:04,23:07,23:09,23:11,23:14,23:17,==,,,,
258,22:34,22:36,22:38,22:40,22:44,22:48,22:51,22:53,22:55,22:57,22:59,23:00,||,||,||,||,||,||,||,||,||,23:03,23:05,23:07,23:09,23:11
259,22:39,22:41,22:42,22:45,22:48,22:53,22:55,22:58,22:59,23:01,23:03,23:05,23:07,23:09,23:11,23:14,23:16,23:18,23:21,23:24,23:27,==,,,,
260,22:44,22:46,22:48,22:50,22:54,22:58,23:00,23:02,23:04,23:06,23:08,23:10,||,||,||,||,||,||,||,||,||,23:13,23:15,23:17,23:19,23:21
261,22:50,22:52,22:53,22:56,22:59,23:02,23:05,23:07,23:09,23:11,23:13,23:14,23:17,23:19,23:21,23:24,23:26,23:28,23:31,23:33,23:36,==,,,,
262,22:55,22:57,22:59,23:01,23:05,23:07,23:10,23:12,23:14,23:16,23:18,23:20,||,||,||,||,||,||,||,||,||,23:23,23:25,23:27,23:29,23:31
263,23:00,23:02,23:03,23:06,23:09,23:12,23:15,23:17,23:19,23:21,23:23,23:24,23:27,23:29,23:31,23:33,23:35,23:37,23:40,23:42,23:45,==,,,,
264,23:06,23:08,23:09,23:12,23:15,23:18,23:21,23:23,23:25,23:27,23:29,23:30,||,||,||,||,||,||,||,||,||,23:33,23:36,23:37,23:39,23:41
265,23:12,23:14,23:15,23:18,23:21,23:24,23:27,23:29,23:31,23:33,23:35,23:36,23:39,23:41,23:43,23:45,23:47,23:49,23:52,23:54,23:57,==,,,,
266,23:18,23:20,23:21,23:24,23:27,23:30,23:33,23:35,23:37,23:39,23:41,23:42,||,||,||,||,||,||,||,||,||,23:45,23:48,23:49,23:51,23:53
267,23:24,23:26,23:27,23:30,23:33,23:36,23:39,23:41,23:43,23:45,23:47,23:48,23:51,23:53,23:55,23:57,23:59,00:01,00:04,00:06,00:09,==,,,,
268,23:30,23:32,23:33,23:36,23:39,23:42,23:45,23:47,23:49,23:51,23:53,23:54,||,||,||,||,||,||,||,||,||,23:57,23:59,00:01,00:03,00:05
269,23:36,23:38,23:39,23:42,23:45,23:48,23:51,23:53,23:55,23:57,23:59,00:00,00:03,00:05,00:07,00:09,00:11,00:13,00:16,00:18,00:21,==,,,,
270,23:42,23:44,23:45,23:48,23:51,23:54,23:57,23:59,00:01,00:03,00:05,00:06,||,||,||,||,||,||,||,||,||,00:09,00:11,00:13,00:15,00:17
271,23:48,23:50,23:51,23:54,23:57,00:00,00:03,00:05,00:07,00:09,00:11,00:12,00:15,00:17,00:19,00:21,00:23,00:25,00:28,00:30,00:33,==,,,,
272,23:54,23:56,23:57,00:00,00:03,00:06,00:09,00:11,00:13,00:15,00:17,00:18,||,||,||,||,||,||,||,||,||,00:21,00:23,00:25,00:27,00:29
273,00:00,00:02,00:04,00:06,00:10,00:12,00:15,00:17,00:19,00:21,00:23,00:24,00:27,00:29,00:31,00:33,00:35,00:37,00:40,00:42,00:45,==,,,,
274,00:03,00:05,00:07,00:09,00:13,00:15,00:18,00:20,00:22,00:24,00:26,00:27,||,||,||,||,||,||,||,||,||,00:30,00:32,00:34,00:36,00:38
275,,00:08,00:10,00:13,00:17,00:20,00:23,00:25,00:27,00:29,00:31,00:32,00:35,00:37,00:38,00:41,00:43,00:45,00:48,00:50,00:53,==,,,,
276,,,,,00:29,00:32,00:35,00:38,00:40,00:42,00:44,00:45,||,||,||,||,||,||,||,||,||,00:48,00:50,00:52,00:54,00:56
277,,,,,00:33,00:36,00:39,00:41,00:43,00:45,00:47,00:48,00:51,00:53,00:55,00:57,00:59,01:01,01:04,01:06,01:09,==,,,,
